ISO3,Country,Language,,,,,,
AGO,Angola,FR,,,,,AR,Arabic
AFG,Afghanistan,EN,,,,,EN,English
ARM,Armenia,EN,,,,,ES,Spanish
AZE,Azerbaijan,EN,,,,,FR,French
ARE,United Arab Emirates,EN,,,,,RU,Russian
ALB,Albania,EN,,,,,,
AND,Andorra,ES,,,,,,
AUT,Austria,EN,,,,,,
AIA,Anguilla,EN,,,,,,
ATG,Antigua and Barbuda,EN,,,,,,
ABW,Aruba,EN,,,,,,
ASM,American Samoa,EN,,,,,,
AUS,Australia,EN,,,,,,
ARG,Argentina,ES,,,,,,
BWA,Botswana,EN,,,,,,
BEN,Benin,FR,,,,,,
BFA,Burkina Faso,FR,,,,,,
BDI,Burundi,FR,,,,,,
BGD,Bangladesh,EN,,,,,,
BTN,Bhutan,EN,,,,,,
BRN,Brunei Darussalam,EN,,,,,,
BHR,Bahrain,AR,,,,,,
BLR,Belarus,RU,,,,,,
BEL,Belgium,EN,,,,,,
BIH,Bosnia and Herzegovina,EN,,,,,,
BGR,Bulgaria,EN,,,,,,
BHS,Bahamas,EN,,,,,,
BRB,Barbados,EN,,,,,,
BMU,Bermuda,EN,,,,,,
BES,"Bonaire, Sint Eustatius and Saba",EN,,,,,,
BLM,Saint Barthélemy,FR,,,,,,
BLZ,Belize,EN,,,,,,
BOL,Bolivia (plurinational state of),ES,,,,,,
BRA,Brazil,EN,,,,,,
COM,Comoros,FR,,,,,,
CMR,Cameroon,FR,,,,,,
CPV,Cabo Verde,EN,,,,,,
CAF,Central African Republic,FR,,,,,,
COG,Congo,FR,,,,,,
CIV,Côte d'Ivoire,FR,,,,,,
COD,Democratic Republic of the Congo,FR,,,,,,
CHN,China,EN,,,,,,
CYP,Cyprus,EN,,,,,,
CZE,Czechia,EN,,,,,,
CHE,Switzerland,EN,,,,,,
CYM,Cayman Islands,EN,,,,,,
CUB,Cuba,ES,,,,,,
CUW,Curaçao,EN,,,,,,
CRI,Costa Rica,ES,,,,,,
CAN,Canada,EN,,,,,,
COK,Cook Islands,EN,,,,,,
CHL,Chile,ES,,,,,,
COL,Colombia,ES,,,,,,
DJI,Djibouti,FR,,,,,,
DZA,Algeria,FR,,,,,,
DNK,Denmark,EN,,,,,,
DEU,Germany,EN,,,,,,
DMA,Dominica,EN,,,,,,
DOM,Dominican Republic,ES,,,,,,
ERI,Eritrea,EN,,,,,,
ETH,Ethiopia,EN,,,,,,
EGY,Egypt,AR,,,,,,
ESH,Western Sahara,FR,,,,,,
EST,Estonia,EN,,,,,,
ESP,Spain,ES,,,,,,
ECU,Ecuador,ES,,,,,,
FRO,Faroe Islands,EN,,,,,,
FIN,Finland,EN,,,,,,
FRA,France,FR,,,,,,
FJI,Fiji,EN,,,,,,
FSM,Micronesia (Federated States of),EN,,,,,,
FLK,Falkland Islands (Malvinas),EN,,,,,,
GNQ,Equatorial Guinea,ES,,,,,,
GAB,Gabon,FR,,,,,,
GMB,Gambia,EN,,,,,,
GHA,Ghana,EN,,,,,,
GIN,Guinea,FR,,,,,,
GNB,Guinea-Bissau,FR,,,,,,
GEO,Georgia,EN,,,,,,
GIB,Gibraltar,EN,,,,,,
GRC,Greece,EN,,,,,,
GGY,Guernsey,EN,,,,,,
GBR,United Kingdom of Great Britain and Northern Ireland,EN,,,,,,
GRD,Grenada,EN,,,,,,
GLP,Guadeloupe,FR,,,,,,
GTM,Guatemala,ES,,,,,,
GRL,Greenland,EN,,,,,,
GUM,Guam,EN,,,,,,
GUF,French Guiana,FR,,,,,,
GUY,Guyana,EN,,,,,,
HRV,Croatia,EN,,,,,,
HUN,Hungary,EN,,,,,,
HTI,Haiti,FR,,,,,,
HND,Honduras,ES,,,,,,
IND,India,EN,,,,,,
IDN,Indonesia,EN,,,,,,
IRN,Iran (Islamic Republic of),EN,,,,,,
IRQ,Iraq,AR,,,,,,
ISR,Israel,EN,,,,,,
ISL,Iceland,EN,,,,,,
IRL,Ireland,EN,,,,,,
IMN,Isle of Man,EN,,,,,,
ITA,Italy,EN,,,,,,
JPN,Japan,EN,,,,,,
JOR,Jordan,AR,,,,,,
JEY,Jersey,EN,,,,,,
JAM,Jamaica,EN,,,,,,
KEN,Kenya,EN,,,,,,
KOR,Republic of Korea,EN,,,,,,
KHM,Cambodia,EN,,,,,,
KAZ,Kazakhstan,RU,,,,,,
KWT,Kuwait,EN,,,,,,
KGZ,Kyrgyzstan,RU,,,,,,
KNA,Saint Kitts and Nevis,EN,,,,,,
KIR,Kiribati,EN,,,,,,
LSO,Lesotho,EN,,,,,,
LBY,Libya,AR,,,,,,
LBR,Liberia,EN,,,,,,
LAO,Lao People's Democratic Republic,EN,,,,,,
LKA,Sri Lanka,EN,,,,,,
LBN,Lebanon,EN,,,,,,
LVA,Latvia,EN,,,,,,
LIE,Liechtenstein,EN,,,,,,
LTU,Lithuania,EN,,,,,,
LUX,Luxembourg,EN,,,,,,
LCA,Saint Lucia,EN,,,,,,
MDG,Madagascar,FR,,,,,,
MWI,Malawi,EN,,,,,,
MUS,Mauritius,EN,,,,,,
MYT,Mayotte,FR,,,,,,
MOZ,Mozambique,EN,,,,,,
MRT,Mauritania,FR,,,,,,
MAR,Morocco,FR,,,,,,
MLI,Mali,FR,,,,,,
MNG,Mongolia,EN,,,,,,
MYS,Malaysia,EN,,,,,,
MDV,Maldives,EN,,,,,,
MMR,Myanmar,EN,,,,,,
MLT,Malta,EN,,,,,,
MCO,Monaco,EN,,,,,,
MNE,Montenegro,EN,,,,,,
MKD,North Macedonia,EN,,,,,,
MDA,Republic of Moldova,RU,,,,,,
MTQ,Martinique,FR,,,,,,
MSR,Montserrat,EN,,,,,,
MAF,Saint Martin (French part),FR,,,,,,
MEX,Mexico,ES,,,,,,
MHL,Marshall Islands,EN,,,,,,
MNP,Northern Mariana Islands,EN,,,,,,
NAM,Namibia,EN,,,,,,
NER,Niger,FR,,,,,,
NGA,Nigeria,EN,,,,,,
NPL,Nepal,EN,,,,,,
NLD,Netherlands (Kingdom of the),EN,,,,,,
NOR,Norway,EN,,,,,,
NIC,Nicaragua,ES,,,,,,
NRU,Nauru,EN,,,,,,
NCL,New Caledonia,FR,,,,,,
NZL,New Zealand,EN,,,,,,
NIU,Niue,EN,,,,,,
NFK,Norfolk Island,EN,,,,,,
OMN,Oman,AR,,,,,,
PRK,Democratic People's Republic of Korea,EN,,,,,,
PAK,Pakistan,EN,,,,,,
PHL,Philippines,EN,,,,,,
PSE,Palestine,EN,,,,,,
POL,Poland,EN,,,,,,
PRT,Portugal,EN,,,,,,
PRI,Puerto Rico,EN,,,,,,
PAN,Panama,ES,,,,,,
PYF,French Polynesia,FR,,,,,,
PLW,Palau,EN,,,,,,
PNG,Papua New Guinea,EN,,,,,,
PCN,Pitcairn Islands,EN,,,,,,
PRY,Paraguay,ES,,,,,,
PER,Peru,ES,,,,,,
QAT,Qatar,AR,,,,,,
REU,Réunion,FR,,,,,,
RWA,Rwanda,EN,,,,,,
ROU,Romania,EN,,,,,,
RUS,Russian Federation,RU,,,,,,
SWZ,Eswatini,EN,,,,,,
SYC,Seychelles,EN,,,,,,
SOM,Somalia,EN,,,,,,
SSD,South Sudan,EN,,,,,,
SDN,Sudan,EN,,,,,,
SHN,"Ascension, Saint Helena and Tristan da Cunha",EN,,,,,,
STP,Sao Tome and Principe,FR,,,,,,
SEN,Senegal,FR,,,,,,
SLE,Sierra Leone,EN,,,,,,
SGP,Singapore,EN,,,,,,
SAU,Saudi Arabia,AR,,,,,,
SYR,Syrian Arab Republic,AR,,,,,,
SMR,San Marino,EN,,,,,,
SRB,Serbia,EN,,,,,,
SVK,Slovakia,EN,,,,,,
SVN,Slovenia,EN,,,,,,
SJM,Svalbard and Jan Mayen Islands,EN,,,,,,
SWE,Sweden,EN,,,,,,
SXM,Sint Maarten (Dutch part),EN,,,,,,
SLV,El Salvador,ES,,,,,,
SPM,Saint Pierre and Miquelon,FR,,,,,,
SLB,Solomon Islands,EN,,,,,,
SUR,Suriname,EN,,,,,,
TZA,United Republic of Tanzania,EN,,,,,,
TUN,Tunisia,FR,,,,,,
TCD,Chad,FR,,,,,,
TGO,Togo,FR,,,,,,
THA,Thailand,EN,,,,,,
TLS,Timor-Leste,EN,,,,,,
TJK,Tajikistan,EN,,,,,,
TUR,Türkiye,EN,,,,,,
TKM,Turkmenistan,EN,,,,,,
TTO,Trinidad and Tobago,EN,,,,,,
TCA,Turks and Caicos Islands,EN,,,,,,
TKL,Tokelau,EN,,,,,,
TON,Tonga,EN,,,,,,
TUV,Tuvalu,EN,,,,,,
UGA,Uganda,EN,,,,,,
UZB,Uzbekistan,RU,,,,,,
UKR,Ukraine,EN,,,,,,
USA,United States of America,EN,,,,,,
URY,Uruguay,ES,,,,,,
VNM,Viet Nam,EN,,,,,,
VAT,Holy See,EN,,,,,,
VGB,British Virgin Islands,EN,,,,,,
VCT,Saint Vincent and the Grenadines,EN,,,,,,
VIR,United States Virgin Islands,EN,,,,,,
VUT,Vanuatu,EN,,,,,,
VEN,Venezuela (Bolivarian Republic of),ES,,,,,,
WSM,Samoa,EN,,,,,,
WLF,Wallis and Futuna Islands,FR,,,,,,
YEM,Yemen,AR,,,,,,
ZAF,South Africa,EN,,,,,,
ZMB,Zambia,EN,,,,,,
ZWE,Zimbabwe,EN,,,,,,
